{
	"BUILD_DIR" : "/home/maria/Carrera/Segundo/1cuatri/ED/ED_PRACTICAS/PRACTICA5_quien/practica_final/estudiante/cmake-build-debug/quienesquien_autogen",
	"CMAKE_BINARY_DIR" : "/home/maria/Carrera/Segundo/1cuatri/ED/ED_PRACTICAS/PRACTICA5_quien/practica_final/estudiante/cmake-build-debug",
	"CMAKE_CURRENT_BINARY_DIR" : "/home/maria/Carrera/Segundo/1cuatri/ED/ED_PRACTICAS/PRACTICA5_quien/practica_final/estudiante/cmake-build-debug",
	"CMAKE_CURRENT_SOURCE_DIR" : "/home/maria/Carrera/Segundo/1cuatri/ED/ED_PRACTICAS/PRACTICA5_quien/practica_final/estudiante",
	"CMAKE_EXECUTABLE" : "/snap/clion/310/bin/cmake/linux/x64/bin/cmake",
	"CMAKE_LIST_FILES" : 
	[
		"/home/maria/Carrera/Segundo/1cuatri/ED/ED_PRACTICAS/PRACTICA5_quien/practica_final/estudiante/CMakeLists.txt",
		"/home/maria/Carrera/Segundo/1cuatri/ED/ED_PRACTICAS/PRACTICA5_quien/practica_final/estudiante/cmake-build-debug/CMakeFiles/3.30.5/CMakeSystem.cmake",
		"/snap/clion/310/bin/cmake/linux/x64/share/cmake-3.30/Modules/CMakeSystemSpecificInitialize.cmake",
		"/snap/clion/310/bin/cmake/linux/x64/share/cmake-3.30/Modules/Platform/Linux-Initialize.cmake",
		"/home/maria/Carrera/Segundo/1cuatri/ED/ED_PRACTICAS/PRACTICA5_quien/practica_final/estudiante/cmake-build-debug/CMakeFiles/3.30.5/CMakeCCompiler.cmake",
		"/home/maria/Carrera/Segundo/1cuatri/ED/ED_PRACTICAS/PRACTICA5_quien/practica_final/estudiante/cmake-build-debug/CMakeFiles/3.30.5/CMakeCXXCompiler.cmake",
		"/snap/clion/310/bin/cmake/linux/x64/share/cmake-3.30/Modules/CMakeSystemSpecificInformation.cmake",
		"/snap/clion/310/bin/cmake/linux/x64/share/cmake-3.30/Modules/CMakeGenericSystem.cmake",
		"/snap/clion/310/bin/cmake/linux/x64/share/cmake-3.30/Modules/CMakeInitializeConfigs.cmake",
		"/snap/clion/310/bin/cmake/linux/x64/share/cmake-3.30/Modules/Platform/Linux.cmake",
		"/snap/clion/310/bin/cmake/linux/x64/share/cmake-3.30/Modules/Platform/UnixPaths.cmake",
		"/snap/clion/310/bin/cmake/linux/x64/share/cmake-3.30/Modules/CMakeCInformation.cmake",
		"/snap/clion/310/bin/cmake/linux/x64/share/cmake-3.30/Modules/CMakeLanguageInformation.cmake",
		"/snap/clion/310/bin/cmake/linux/x64/share/cmake-3.30/Modules/Compiler/GNU-C.cmake",
		"/snap/clion/310/bin/cmake/linux/x64/share/cmake-3.30/Modules/Compiler/GNU.cmake",
		"/snap/clion/310/bin/cmake/linux/x64/share/cmake-3.30/Modules/Compiler/CMakeCommonCompilerMacros.cmake",
		"/snap/clion/310/bin/cmake/linux/x64/share/cmake-3.30/Modules/Platform/Linux-GNU-C.cmake",
		"/snap/clion/310/bin/cmake/linux/x64/share/cmake-3.30/Modules/Platform/Linux-GNU.cmake",
		"/snap/clion/310/bin/cmake/linux/x64/share/cmake-3.30/Modules/CMakeCommonLanguageInclude.cmake",
		"/snap/clion/310/bin/cmake/linux/x64/share/cmake-3.30/Modules/CMakeCXXInformation.cmake",
		"/snap/clion/310/bin/cmake/linux/x64/share/cmake-3.30/Modules/CMakeLanguageInformation.cmake",
		"/snap/clion/310/bin/cmake/linux/x64/share/cmake-3.30/Modules/Compiler/GNU-CXX.cmake",
		"/snap/clion/310/bin/cmake/linux/x64/share/cmake-3.30/Modules/Compiler/GNU.cmake",
		"/snap/clion/310/bin/cmake/linux/x64/share/cmake-3.30/Modules/Platform/Linux-GNU-CXX.cmake",
		"/snap/clion/310/bin/cmake/linux/x64/share/cmake-3.30/Modules/Platform/Linux-GNU.cmake",
		"/snap/clion/310/bin/cmake/linux/x64/share/cmake-3.30/Modules/CMakeCommonLanguageInclude.cmake",
		"/usr/lib/x86_64-linux-gnu/cmake/Qt5/Qt5ConfigVersion.cmake",
		"/usr/lib/x86_64-linux-gnu/cmake/Qt5/Qt5Config.cmake",
		"/usr/lib/x86_64-linux-gnu/cmake/Qt5/Qt5ConfigVersion.cmake",
		"/usr/lib/x86_64-linux-gnu/cmake/Qt5/Qt5Config.cmake",
		"/usr/lib/x86_64-linux-gnu/cmake/Qt5/Qt5ModuleLocation.cmake",
		"/usr/lib/x86_64-linux-gnu/cmake/Qt5Widgets/Qt5WidgetsConfigVersion.cmake",
		"/usr/lib/x86_64-linux-gnu/cmake/Qt5Widgets/Qt5WidgetsConfig.cmake",
		"/usr/lib/x86_64-linux-gnu/cmake/Qt5Gui/Qt5GuiConfigVersion.cmake",
		"/usr/lib/x86_64-linux-gnu/cmake/Qt5Gui/Qt5GuiConfig.cmake",
		"/usr/lib/x86_64-linux-gnu/cmake/Qt5Core/Qt5CoreConfigVersion.cmake",
		"/usr/lib/x86_64-linux-gnu/cmake/Qt5Core/Qt5CoreConfig.cmake",
		"/usr/lib/x86_64-linux-gnu/cmake/Qt5Core/Qt5CoreConfigExtras.cmake",
		"/usr/lib/x86_64-linux-gnu/cmake/Qt5Core/Qt5CoreConfigExtrasMkspecDir.cmake",
		"/usr/lib/x86_64-linux-gnu/cmake/Qt5Core/Qt5CoreMacros.cmake",
		"/snap/clion/310/bin/cmake/linux/x64/share/cmake-3.30/Modules/CMakeParseArguments.cmake",
		"/usr/lib/x86_64-linux-gnu/cmake/Qt5Gui/Qt5Gui_QComposePlatformInputContextPlugin.cmake",
		"/usr/lib/x86_64-linux-gnu/cmake/Qt5Gui/Qt5Gui_QEglFSEmulatorIntegrationPlugin.cmake",
		"/usr/lib/x86_64-linux-gnu/cmake/Qt5Gui/Qt5Gui_QEglFSIntegrationPlugin.cmake",
		"/usr/lib/x86_64-linux-gnu/cmake/Qt5Gui/Qt5Gui_QEglFSKmsEglDeviceIntegrationPlugin.cmake",
		"/usr/lib/x86_64-linux-gnu/cmake/Qt5Gui/Qt5Gui_QEglFSKmsGbmIntegrationPlugin.cmake",
		"/usr/lib/x86_64-linux-gnu/cmake/Qt5Gui/Qt5Gui_QEglFSX11IntegrationPlugin.cmake",
		"/usr/lib/x86_64-linux-gnu/cmake/Qt5Gui/Qt5Gui_QEvdevKeyboardPlugin.cmake",
		"/usr/lib/x86_64-linux-gnu/cmake/Qt5Gui/Qt5Gui_QEvdevMousePlugin.cmake",
		"/usr/lib/x86_64-linux-gnu/cmake/Qt5Gui/Qt5Gui_QEvdevTabletPlugin.cmake",
		"/usr/lib/x86_64-linux-gnu/cmake/Qt5Gui/Qt5Gui_QEvdevTouchScreenPlugin.cmake",
		"/usr/lib/x86_64-linux-gnu/cmake/Qt5Gui/Qt5Gui_QGifPlugin.cmake",
		"/usr/lib/x86_64-linux-gnu/cmake/Qt5Gui/Qt5Gui_QICOPlugin.cmake",
		"/usr/lib/x86_64-linux-gnu/cmake/Qt5Gui/Qt5Gui_QIbusPlatformInputContextPlugin.cmake",
		"/usr/lib/x86_64-linux-gnu/cmake/Qt5Gui/Qt5Gui_QJpegPlugin.cmake",
		"/usr/lib/x86_64-linux-gnu/cmake/Qt5Gui/Qt5Gui_QLibInputPlugin.cmake",
		"/usr/lib/x86_64-linux-gnu/cmake/Qt5Gui/Qt5Gui_QLinuxFbIntegrationPlugin.cmake",
		"/usr/lib/x86_64-linux-gnu/cmake/Qt5Gui/Qt5Gui_QMinimalEglIntegrationPlugin.cmake",
		"/usr/lib/x86_64-linux-gnu/cmake/Qt5Gui/Qt5Gui_QMinimalIntegrationPlugin.cmake",
		"/usr/lib/x86_64-linux-gnu/cmake/Qt5Gui/Qt5Gui_QOffscreenIntegrationPlugin.cmake",
		"/usr/lib/x86_64-linux-gnu/cmake/Qt5Gui/Qt5Gui_QTuioTouchPlugin.cmake",
		"/usr/lib/x86_64-linux-gnu/cmake/Qt5Gui/Qt5Gui_QVncIntegrationPlugin.cmake",
		"/usr/lib/x86_64-linux-gnu/cmake/Qt5Gui/Qt5Gui_QXcbEglIntegrationPlugin.cmake",
		"/usr/lib/x86_64-linux-gnu/cmake/Qt5Gui/Qt5Gui_QXcbGlxIntegrationPlugin.cmake",
		"/usr/lib/x86_64-linux-gnu/cmake/Qt5Gui/Qt5Gui_QXcbIntegrationPlugin.cmake",
		"/usr/lib/x86_64-linux-gnu/cmake/Qt5Gui/Qt5GuiConfigExtras.cmake",
		"/usr/lib/x86_64-linux-gnu/cmake/Qt5Widgets/Qt5WidgetsConfigExtras.cmake",
		"/usr/lib/x86_64-linux-gnu/cmake/Qt5Widgets/Qt5WidgetsMacros.cmake",
		"/snap/clion/310/bin/cmake/linux/x64/share/cmake-3.30/Modules/CMakeParseArguments.cmake",
		"/usr/lib/x86_64-linux-gnu/cmake/Qt5/Qt5ConfigVersion.cmake",
		"/usr/lib/x86_64-linux-gnu/cmake/Qt5/Qt5Config.cmake",
		"/usr/lib/x86_64-linux-gnu/cmake/Qt5/Qt5ModuleLocation.cmake",
		"/usr/lib/x86_64-linux-gnu/cmake/Qt5Gui/Qt5GuiConfigVersion.cmake",
		"/usr/lib/x86_64-linux-gnu/cmake/Qt5Gui/Qt5GuiConfig.cmake",
		"/usr/lib/x86_64-linux-gnu/cmake/Qt5/Qt5ConfigVersion.cmake",
		"/usr/lib/x86_64-linux-gnu/cmake/Qt5/Qt5Config.cmake",
		"/usr/lib/x86_64-linux-gnu/cmake/Qt5/Qt5ModuleLocation.cmake",
		"/usr/lib/x86_64-linux-gnu/cmake/Qt5Core/Qt5CoreConfigVersion.cmake",
		"/usr/lib/x86_64-linux-gnu/cmake/Qt5Core/Qt5CoreConfig.cmake",
		"/snap/clion/310/bin/cmake/linux/x64/share/cmake-3.30/Modules/GNUInstallDirs.cmake",
		"/snap/clion/310/bin/cmake/linux/x64/share/cmake-3.30/Modules/FindDoxygen.cmake",
		"/snap/clion/310/bin/cmake/linux/x64/share/cmake-3.30/Modules/FindPackageHandleStandardArgs.cmake",
		"/snap/clion/310/bin/cmake/linux/x64/share/cmake-3.30/Modules/FindPackageMessage.cmake",
		"/home/maria/Carrera/Segundo/1cuatri/ED/ED_PRACTICAS/PRACTICA5_quien/practica_final/estudiante/Doxyfile.in"
	],
	"CMAKE_SOURCE_DIR" : "/home/maria/Carrera/Segundo/1cuatri/ED/ED_PRACTICAS/PRACTICA5_quien/practica_final/estudiante",
	"CROSS_CONFIG" : false,
	"DEP_FILE" : "/home/maria/Carrera/Segundo/1cuatri/ED/ED_PRACTICAS/PRACTICA5_quien/practica_final/estudiante/cmake-build-debug/quienesquien_autogen/deps",
	"DEP_FILE_RULE_NAME" : "quienesquien_autogen/timestamp",
	"HEADERS" : 
	[
		[
			"/home/maria/Carrera/Segundo/1cuatri/ED/ED_PRACTICAS/PRACTICA5_quien/practica_final/estudiante/include/bintree.h",
			"Mu",
			"6YEA5652QU/moc_bintree.cpp",
			null
		],
		[
			"/home/maria/Carrera/Segundo/1cuatri/ED/ED_PRACTICAS/PRACTICA5_quien/practica_final/estudiante/include/bintree.hxx",
			"Mu",
			"6YEA5652QU/moc_bintree_hxx.cpp",
			null
		],
		[
			"/home/maria/Carrera/Segundo/1cuatri/ED/ED_PRACTICAS/PRACTICA5_quien/practica_final/estudiante/include/consola.h",
			"Mu",
			"6YEA5652QU/moc_consola.cpp",
			null
		],
		[
			"/home/maria/Carrera/Segundo/1cuatri/ED/ED_PRACTICAS/PRACTICA5_quien/practica_final/estudiante/include/node.hxx",
			"Mu",
			"6YEA5652QU/moc_node.cpp",
			null
		],
		[
			"/home/maria/Carrera/Segundo/1cuatri/ED/ED_PRACTICAS/PRACTICA5_quien/practica_final/estudiante/include/pregunta.h",
			"Mu",
			"6YEA5652QU/moc_pregunta.cpp",
			null
		],
		[
			"/home/maria/Carrera/Segundo/1cuatri/ED/ED_PRACTICAS/PRACTICA5_quien/practica_final/estudiante/include/quienesquien.h",
			"Mu",
			"6YEA5652QU/moc_quienesquien.cpp",
			null
		],
		[
			"/home/maria/Carrera/Segundo/1cuatri/ED/ED_PRACTICAS/PRACTICA5_quien/practica_final/estudiante/include/tablerografico.h",
			"Mu",
			"6YEA5652QU/moc_tablerografico.cpp",
			null
		],
		[
			"/home/maria/Carrera/Segundo/1cuatri/ED/ED_PRACTICAS/PRACTICA5_quien/practica_final/estudiante/include/ventana.h",
			"Mu",
			"6YEA5652QU/moc_ventana.cpp",
			null
		]
	],
	"HEADER_EXTENSIONS" : [ "h", "hh", "h++", "hm", "hpp", "hxx", "in", "txx" ],
	"INCLUDE_DIR" : "/home/maria/Carrera/Segundo/1cuatri/ED/ED_PRACTICAS/PRACTICA5_quien/practica_final/estudiante/cmake-build-debug/quienesquien_autogen/include",
	"MOC_COMPILATION_FILE" : "/home/maria/Carrera/Segundo/1cuatri/ED/ED_PRACTICAS/PRACTICA5_quien/practica_final/estudiante/cmake-build-debug/quienesquien_autogen/mocs_compilation.cpp",
	"MOC_DEFINITIONS" : [ "QT_CORE_LIB", "QT_GUI_LIB", "QT_WIDGETS_LIB" ],
	"MOC_DEPEND_FILTERS" : 
	[
		[
			"Q_PLUGIN_METADATA",
			"[\n][ \t]*Q_PLUGIN_METADATA[ \t]*\\([^\\)]*FILE[ \t]*\"([^\"]+)\""
		]
	],
	"MOC_INCLUDES" : 
	[
		"/home/maria/Carrera/Segundo/1cuatri/ED/ED_PRACTICAS/PRACTICA5_quien/practica_final/estudiante/cmake-build-debug",
		"/home/maria/Carrera/Segundo/1cuatri/ED/ED_PRACTICAS/PRACTICA5_quien/practica_final/estudiante",
		"/home/maria/Carrera/Segundo/1cuatri/ED/ED_PRACTICAS/PRACTICA5_quien/practica_final/estudiante/include",
		"/usr/include/x86_64-linux-gnu/qt5",
		"/usr/include/x86_64-linux-gnu/qt5/QtWidgets",
		"/usr/include/x86_64-linux-gnu/qt5/QtGui",
		"/usr/include/x86_64-linux-gnu/qt5/QtCore",
		"/usr/lib/x86_64-linux-gnu/qt5/mkspecs/linux-g++",
		"/usr/include/c++/13",
		"/usr/include/x86_64-linux-gnu/c++/13",
		"/usr/include/c++/13/backward",
		"/usr/lib/gcc/x86_64-linux-gnu/13/include",
		"/usr/local/include",
		"/usr/include/x86_64-linux-gnu",
		"/usr/include"
	],
	"MOC_MACRO_NAMES" : [ "Q_OBJECT", "Q_GADGET", "Q_NAMESPACE", "Q_NAMESPACE_EXPORT" ],
	"MOC_OPTIONS" : [],
	"MOC_PATH_PREFIX" : false,
	"MOC_PREDEFS_CMD" : 
	[
		"/usr/bin/c++",
		"-std=gnu++17",
		"-dM",
		"-E",
		"-c",
		"/snap/clion/310/bin/cmake/linux/x64/share/cmake-3.30/Modules/CMakeCXXCompilerABI.cpp"
	],
	"MOC_PREDEFS_FILE" : "/home/maria/Carrera/Segundo/1cuatri/ED/ED_PRACTICAS/PRACTICA5_quien/practica_final/estudiante/cmake-build-debug/quienesquien_autogen/moc_predefs.h",
	"MOC_RELAXED_MODE" : false,
	"MOC_SKIP" : [],
	"MULTI_CONFIG" : false,
	"PARALLEL" : 4,
	"PARSE_CACHE_FILE" : "/home/maria/Carrera/Segundo/1cuatri/ED/ED_PRACTICAS/PRACTICA5_quien/practica_final/estudiante/cmake-build-debug/CMakeFiles/quienesquien_autogen.dir/ParseCache.txt",
	"QT_MOC_EXECUTABLE" : "/usr/lib/qt5/bin/moc",
	"QT_UIC_EXECUTABLE" : "",
	"QT_VERSION_MAJOR" : 5,
	"QT_VERSION_MINOR" : 15,
	"SETTINGS_FILE" : "/home/maria/Carrera/Segundo/1cuatri/ED/ED_PRACTICAS/PRACTICA5_quien/practica_final/estudiante/cmake-build-debug/CMakeFiles/quienesquien_autogen.dir/AutogenUsed.txt",
	"SOURCES" : 
	[
		[
			"/home/maria/Carrera/Segundo/1cuatri/ED/ED_PRACTICAS/PRACTICA5_quien/practica_final/estudiante/src/consola.cpp",
			"Mu",
			null
		],
		[
			"/home/maria/Carrera/Segundo/1cuatri/ED/ED_PRACTICAS/PRACTICA5_quien/practica_final/estudiante/src/main.cpp",
			"Mu",
			null
		],
		[
			"/home/maria/Carrera/Segundo/1cuatri/ED/ED_PRACTICAS/PRACTICA5_quien/practica_final/estudiante/src/pregunta.cpp",
			"Mu",
			null
		],
		[
			"/home/maria/Carrera/Segundo/1cuatri/ED/ED_PRACTICAS/PRACTICA5_quien/practica_final/estudiante/src/quienesquien.cpp",
			"Mu",
			null
		],
		[
			"/home/maria/Carrera/Segundo/1cuatri/ED/ED_PRACTICAS/PRACTICA5_quien/practica_final/estudiante/src/tablerografico.cpp",
			"Mu",
			null
		],
		[
			"/home/maria/Carrera/Segundo/1cuatri/ED/ED_PRACTICAS/PRACTICA5_quien/practica_final/estudiante/src/ventana.cpp",
			"Mu",
			null
		]
	],
	"USE_BETTER_GRAPH" : false,
	"VERBOSITY" : 0
}
